HOTEL DETAILS,,,,,ROOMS,,,,Room Numbers,Room Allocation / Capacity,New Accommodation – No. of Rooms,Car Parking,Bike Parking,TIMING & LOCATION,,,
Hotel Name,Phone Number,Hotel Person Name,Hotel Person PH No,No. of Beds,Total Number of Rooms,No. of AC Rooms,No. of Non AC Rooms,No. of Dormitories,,,,,,Check In Time,Check Out Time,Location Map Link,Ground to Hotel Distance
HOTEL SAI PRAKASH ,7337078714,ASHOK ,986654565,280,70,70,,,"101, 102, 103, 104, 106, 107, 108, 109, 110, 111, 112, 113
201, 202, 203, 205, 207, 208, 209, 210, 211, 214, 215, 216, 217, 220, 221, 222, 223, 224, 226
227, 228, 230, 231, 232, 233, 234, 301, 302, 305, 306, 307, 308, 310, 311, 312, 313, 314
315, 316, 317, 318, 319, 320, 321, 322, 323, 324, 325, 326, 327, 328, 329, 330, 332, 333, 334",each room 4 members,70,,,1st 9am ,5th 10am ,https://maps.app.goo.gl/8WH3hjeuainJPBXs9?g_st=ac,500
HOTEL AAHWAANAM,040-24740301,,,120,30,,30,,1 to 25,each room 4 members,30,,,1ST 9am ,6th 10am,https://maps.app.goo.gl/PGPiCvhsEJZe4StW9?g_st=ac,800
HOTEL TULASI ,7997733077,VENKATESH,9000735888,100,25,25,,,26 27 28 29 30 31 32 33 34 35 36 37 38 39 40 41 42 43 44 45 46 47 48 49 50 51 52 53 54 55,EACH ROOM 4 PERSONS,25,4,10,1st 9am ,6th 9am,,800
MARJAN INTERNATIONAL ,8121621888,PRDEEP,9573989545,120,30,20,10,,,,30,,,1st 9am ,6th 9am,https://maps.app.goo.gl/8Egx8raHgarVC3u9A?g_st=ac,800
OPAL RESIDENCY,9704790778,ABDUL HABEEB,9059885399,110,18,14,1,3,203 204 205 207 209 210 211 303 302 304 305 306 307 308 309 3010,each room 3 persons,18,,5 bikes,1ST 7am ,6TH 7AM,https://maps.app.goo.gl/nEMVzsnsmMczNvVz9?g_st=ac,1000
GOPI RESIDENCY ,9966510999,OWNER SIR,8977797786,60,20,,20,,,,20,,,1ST 7AM ,6TH 7AM,https://maps.app.goo.gl/TS2kbvRoxpL9fHYS9?g_st=ac,500
MEREDIAN COMFORT ,7995574717,SYED AUUD,9700176751,72,15,,15,,,,15,,,1ST 6AM,6TH 6AM,https://maps.app.goo.gl/JGh3cKfTPFeDaENF6,800
GK SILVER COURT,7396653183,VENKAT SIR ,9652676153,90,17,10,5,2,,,17,,,1ST 7am ,6TH 7AM,https://maps.app.goo.gl/k6JjMiVhMRHAWvM78?g_st=ac,700
RUMA GRAND,7842800555,VAHIV,6304374419,40,10,8,2,,,,10,,,1ST 7am ,6TH 7AM,https://share.google/RtMfimnQo29tiawyJ,700
SAMRAT PALACE,8453656764,RANJITH KUMAR,7842647899,40,10,5,5,,,,10,,,1ST 7am ,6TH 7AM,https://maps.app.goo.gl/mPjKhpPGXiDSBQ8A6,700
VENES INN,9703639303,NATISH ,9666500283,115,17,,15,2,,,17,,,1ST 8AM,6TH 8AM,https://share.google/aAvp0y4zw3qei0Zu9,1000
SRINIVASA RESIDENCY,8453656764,RECEPTION ,7671009943,80,20,,20,,,,20,,,1ST 8AM,6TH 8AM,https://share.google/vhLRM8XPe2OB7qRoA,3000
THE CITY PARK HOTEL ,,,,80,20,15,5,,"64,65,66,67,68,69,70,71,72,73,74,80,81,83,84,85,86,87,88,92,58,60,61,62,54.          77,78,79,94,95",25  rooms 3 members.                          5 rooms 5 members,20,,,1ST 6AM,6TH 6AM,https://share.google/2WE5vkybmULT6ogDT,500
THREE CASTLE,40-49557924,,,100,100,,,,,,100,,,1ST 7am ,6TH 7AM, https://share.google/ig9sTCLJoOc5Lyztv,600
SN CONTINENTAL ,9948695223,,,60,15,15,,,"403, 404, 303, 204, 401.       
401, 302, 305, 306, 201, 206, 304, 102  
3 members ",5 rooms 4 members.    8 rooms 3 members,15,,,1ST 7am ,6TH AM,https://maps.app.goo.gl/55ZBAYf2UEg8GTrM9?g_st=ac,500
SRI SAI RESIDENCY,7680099944,SRISILIM,7702423804,40,16,,16,,1 2 4 5 6 7 8 110 111 112,Each room 4 persons & room 8 (8 persons),16,,,1ST 7am ,6TH 7AM,https://maps.app.goo.gl/8aXXbLKZrs3z44nLA,1000
HOTEL AADAAB,,RAJIKHAN,9160003895,44,10,10,,,"301,302,303,304

201,202,203,204,
205,207,208,201

101,102,103,104
105,107,108,109","10 members each room  301, 302, 303, 304.         remaining rooms 4 members each room ",10,,,1ST 7am ,6TH 7AM,https://maps.app.goo.gl/CyTjTmcJSwxt13BJ8?g_st=ac,300
NEW STAR LODGE ,9515228202,,,100,20,,16,4,"102 103 
201 202 203 204
301 302 303 304
401 402 403 404","4 members rooms
103 204 304 404.      remaining 3 members ",20,,,1ST 7am ,6TH 7AM,,
BLUE STAR LODGE,,S0MANATH,7672084573,46,14,,14,,101/102/103/104/106/201/202/203/204/205/301/302/303/304/G3,8 members=301/302/303/304/G3.         remaining  4 members each room,14,,,1ST 7AM ,5TH 7AM,,
WEST INN,,AFROZ,9347966542,82,,,,,"101, 201, 301, 405              102, 103,105,104, 202, 203, 205, 302, 303, 305",4 rooms each room 5 persons       remaining number 3 members,,,,1ST 7AM,4TH 7AM,,700
SAI KIRAN LODGE,,RAMAKRISHNA,9121590074,49,14,,14,,,,14,,,1ST  7AM,5TH M,,
